{"cameraMode":{"drawMode":0,"name":"Shaded","section":"Shading Mode"},"sceneLighting":true,"audioPlay":false,"sceneViewState":{"m_AlwaysRefresh":false,"showFog":true,"showSkybox":true,"showFlares":true,"showImageEffects":true,"showParticleSystems":true,"showVisualEffectGraphs":true,"m_FxEnabled":true},"in2DMode":false,"pivot":{"x":-0.007365360856056213,"y":0.8135586380958557,"z":-1.4757497310638428},"rotation":{"x":-0.30202215909957888,"y":0.004861884750425816,"z":-0.0015277810161933303,"w":-0.9533129334449768},"size":3.2074577808380129,"orthographic":false}